guide,alignment_guide,alignment_reference,distance,chromosome,start,strand
TGGTACCAGAAGCAGGGGCC,TGGTACCAGAAGCAGGGGCC-,TGGTACCAGAAGCAGGGGCCC,1,chr6,71585078,+
TGAGGAGGTGGGTTTGAAGC,TGAGGAGGTGGGTTTGAAGC,TGAGGAGGTGGGTTTGAAGC,0,chr17,41524827,-
CACTGACCTGGCCTCCCACT,CACTGACCTGGCCTCCCACT,CACTGACCTGGCCTCCCACT,0,chr17,41524520,+
AGCTGCCTTGGAAGACACAC,AGCTGCCTTGGAAGACACAC,AGCTGCCTTGGAAGACACAC,0,chr17,41523973,-
GGAAGACACACTGGCAGAAA,GGAAGACACACTGGCAGAAA,GGAAGACACACTGGCAGAAA,0,chr17,41523964,-
GTGGGCGGAGGCCCGGCCGC,GTGGGCGGAGGCCCGGCCGC,GTGGGCGGAGGCCCGGCCGC,0,chr17,41527805,-
CTTTGTGTCCTCGTCCTCCT,CTTTGTGTCCTCGTCCTCCT,CTTTGTGTCCTCGTCCTCCT,0,chr17,41528073,-
ACACGACCATCCAGGACCTG,ACACGACCATCCAGGACCTG,ACACGACCATCCAGGACCTG,0,chr17,41527834,-
GGTACCAGAAGCAGGGGCCT,GGTACCAGAAGCAGGGGCCT,GGTACCAGAAGCAGGGGCCC,1,chr6,71585078,+
GCTCATCCCATACTCACTTT,GCTCATCCCATACTCACTTT,GCTCATCCCATACTCACTTT,0,chr8,97644882,-
GCCATCTTCCCTCCCGTCAG,GCCATCTTCCCTCCCGTCAG-,GCCATCTTCCCTCCCGTCAGA,1,chr8,97644488,-
AACCTCACTGTCAATGGAGG,AACCTCACTGTCAATGGAGG,AACCTCACTGTCAATGGAGG,0,chr8,97690994,+
AAAGGAGATTCTACACTTCA,AAAGGAGATTCTACACTTCA,AAAGGAGATTCTACACTTCA,0,chr8,97689104,+
GGCCGCGGCCCCCGACGACC,GGCCGCGGCCCCCGACGACC,GGCCGCGGCCCCCG-CGACC,1,chr18,25349827,-
GGCCAGGTCGTCGGGGGCCG,GGCCAGGTCGTCGGGGGCCG,GGCCAGGTCGTCGGGGGCCG,0,chr8,97644796,-
TTGTTTTCCTAGGCTCATCT,TTGTTTTCCTAGGCTCATCT,TTGTTTTCCTAGGCTCATC-,1,chr3,196067648,-
AACATCTTTGGAGTTATTAA,AACATCTTTGGAGTTATTAA,AACATCTTTGGAGTTATTAA,0,chr3,196065457,-
AATCTAATGTCTTTGTTCTA,AATCTAATGTCTTTGTTCTA,AATCTAATGTCTTTGTTCTA,0,chr3,196069567,-
TCTGATTCTAGGAATATGGA,TCTGATTCTAGGAATATGGA,TCTGATTCTAGGAATATGGA,0,chr3,196065589,-
GGTAAGTTTTTATTTGAAAG,GGTAAGTTTTTATTTGAAAG,GGTAAGTTTTTATTTGAAAG,0,chr3,196067496,-
AAGACAGGTATGTTGAAAGA,AAGACAGGTATGTTGAAAGA,AAGACAGGTATGTTGAAAGA,0,chr3,196071987,-
AAATCTAATGTCTTTGTTCT,AAATCTAATGTCTTTGTTCT-,AAATCTAATGTCTTTGTTCTA,1,chr3,196069567,-
AAAGGTATCCCTAGAAGAGA,AAAGGTATCCCTAGAAGAGA-,AAAGGTATCCCTAGAAGAGAA,1,chr3,196062659,+
AGTAAGTGAACTTTTGGGAA,AGTAAGTGAACTTTTGGGAA,AGTAAGTGAACTTTTGGGAA,0,chr3,196053396,-
TATTCCTAGAATCAGAAAGC,TATTCCTAGAATCAGAAAGC,TATTCCTAGAATCAGAAGGC,1,chr1,245325745,-
ATGATAATTTCTTATCTTAC,ATGATAATTTCTTATCTTAC,ATGATAATTTCTTATCTTAC,0,chr3,196058632,-
TACTTAAATAAATATATTAT,TACTTAAATAAATATATTAT,TACTTAAATAATTATATTAT,1,chr8,62092234,+
AAAAAAAATGTGTTTTACAT,AAAAAAAATGTGTTTTACAT,AAAAAAAATGTGTTTTACAT,0,chr3,155138232,-
ATCCAGCAGCTGCAGCAGAG,ATCCAGCAGCTGCAGCAGAG,ATCCAGCAGCTGCAGCAGA-,1,chr2,233760447,+
CATCCAGCAGCTGCAGCAGA,CATCCAGCAGCTGCAGCAGA,CATCCAGCAGCTGCAGCAGA,0,chr2,233760447,+
TTATCCATTTTTTGATTTGA,TTATCCATTTTTTGATTTGA,TTATCCATTTTTT-ATTTGA,1,chr12,73564495,-
AAATGTAGTTTTTGTAGACA,AAATGTAGTTTTTGTAGACA-,AAATGTAGTTTTTGTAGACAT,1,chr5,133074074,+
TTTTTTTGTTCCTCTTTTGG,TTTTTTTGTTCCTCTTTTGG,TTTTTTTGTTCCTCTTTTGG,0,chr5,133104287,-
CCTCCCTCTGTCCCCTCCTC,CCTCCCTCTGTCCCCTCCTC-,CCTCCCTCTGTCCCCTCCTCC,1,chr22,45268419,+
TTGCTGGTGTTATATTCTGA,TTGCTGGTGTTATATTCTGA,TTGCTGGTGTTATATTCTGA,0,chr3,30671631,-
TGGTGGTTGAGCCAGAAGCT,TGGTGGTTGAGCCAGAAGCT,TGGTGGTTGAGCCAGAAGC-,1,chr3,30688489,-
CCTGCTGCCTGTGTGACTTT,CCTGCTGCCTGTGTGACTTT,CCTGCTGGCTGTGTGACTTT,1,chr6,149870294,+
GGAGGAGGTCAGTAGGCAGG,GGAGGAGGTCAGTAGGCAGG-,GGAGGAGGTCAGTAGGCAGGC,1,chr17,1767011,+
CAGGCTGCAGCCCTGGGCTG,CAGGCTGCAGCCCTGGGCTG,CAGGCTGCAGTCCTGGGCTG,1,chr7,44225215,+
AGGCTGCAGCCCTGGGCTGG,AGGCTGCAGCCCTGGGCTGG,AGGCTGCAGCCCTGGGCTG-,1,chr17,1777305,-
TAATTTTTTTAAAGATGAAT,TAATTTTTTTAAAGATGAAT,TAATTTTTTTAAAGATGATT,1,chr4,102606880,+
TCTGCAGAGAGAGGAAGAAG,TCTGCAGAGAGAGGAAGAAG-,TCTGCAGAGAGAGGAAGAAGA,1,chr17,41524291,+
AAAGAAAGACACATGCACAC,AAAGAAAGACACATGCACAC,AAAGAAAGACACATGCACAC,0,chr10,32910397,-
AAAGAAAGACACATGCACAC,AAAGAAAGACACATGCACAC,AAAGAAAGACACATGCACAC,0,chr19,14622038,-
TTTCTTTTCTCCTTTATTGA,TTTCTTTTCTCCT-TTATTGA,TTTCTTTTCTCCTCTTATTGA,1,chr1,98173942,+
CTGCTGCTGCTGTTTCTGCT,CTGCTGCTGCTGTTTCTGCT,CTGCTGCTGCTGTTTCTGC-,1,chr8,97644708,+
GGAGGAGGCGGCGGCCGTGC,GGAGGAGGCGGCGGCCGTGC,GGAGGAGGCGGCGGCCGTGC,0,chr8,97644795,+
TATCCATATCCGCATCGTTG,TATCCATATCCGCATCGTTG,TATCCATATCCGCATCGTT-,1,chrX,37804056,+
CACCCAGACGAATTGTACGT,CACCCAGACGAATTGTACGT,CACCCAGACGAATTGTACG-,1,chrX,37798969,+
TGCCCACGTACAATTCGTCT,TGCCCACGTACAATTCGTCT,TGCCCACGTACAATTCGTCT,0,chrX,37798950,-
AGTCCCCAACGATGCGGATA,AGTCCCCAACGATGCGGATA,AGTCCCCAACGATGCGGATA,0,chrX,37804038,-
ATAGCGGTTGATGGGCCCTT,ATAGCGGTTGATGGGCCCTT,ATAGCGGTTGATGGGCCCTT,0,chrX,37805029,+
CTGCCCACGTACAATTCGTC,CTGCCCACGTACAATTCGTC-,CTGCCCACGTACAATTCGTCT,1,chrX,37798950,-
AGTATCCATATCCGCATCGT,AGTATCCATATCCGCATCGT-,AGTATCCATATCCGCATCGTT,1,chrX,37804056,+
ATATCCGCATCGTTGGGGAC,ATATCCGCATCGTTGGGGAC,ATATCCGCATCGTTGGGGAC,0,chrX,37804062,+
TCTCGAAGCGCTCACGCCCA,TCTCGAAGCGCTCACGCCCA,TCTCGAAGCGCTCACGCCCA,0,chr17,7670713,+
CCGGTTCATGCCGCCCATGC,CCGGTTCATGCCGCCCATGC,CCGGTTCATGCCGCCCATGC,0,chr17,7674241,+
TCGACGCTAGGATCTGACTG,TCGACGCTAGGATCTGACTG,TCGACGCTAGGATCTGACTG,0,chr17,7676585,+
CGGCACCCGCGTCCGCGCCA,CGGCACCCGCGTCCGCGCCA,CGGCACCCGCGTCCGCGCCA,0,chr17,7675131,-
GAGCGCTGCTCAGATAGCGA,GAGCGCTGCTCAGATAGCGA,GAGCGCTGCTCAGATAGCGA,0,chr17,7675052,-
GACGGAAACCGTAGCTGCCC,GACGGAAACCGTAGCTGCCC,GACGGAAACCGTAGCTGCCC,0,chr17,7676060,+
CACTTTTCGACATAGTGTGG,CACTTTTCGACATAGTGTGG,CACTTTTCGACATAGTGTGG,0,chr17,7674879,-
