guide,alignment_guide,alignment_reference,distance,chromosome,start,strand
GGAAGACACACTGGCAGAAA,GGAAGACACACTGGCAGAAA,GGAAGACACACTGGCAGAAA,0,chr17,41523964,-
AGTAAGTGAACTTTTGGGAA,AGTAAGTGAACTTTTGGGAA,AGTAAGTGAACTTTTGGGAA,0,chr3,196053396,-
AACATCTTTGGAGTTATTAA,AACATCTTTGGAGTTATTAA,AACATCTTTGGAGTTATTAA,0,chr3,196065457,-
AAATGTAGTTTTTGTAGACA,AAATGTAGTTTTTGTAGACA,AAATGTAGTTTTTGTAGACA,0,chr5,133074073,+
TCTCGAAGCGCTCACGCCCA,TCTCGAAGCGCTCACGCCCA,TCTCGAAGCGCTCACGCCCA,0,chr17,7670713,+
CGGCACCCGCGTCCGCGCCA,CGGCACCCGCGTCCGCGCCA,CGGCACCCGCGTCCGCGCCA,0,chr17,7675131,-
AAAGGAGATTCTACACTTCA,AAAGGAGATTCTACACTTCA,AAAGGAGATTCTACACTTCA,0,chr8,97689104,+
AAGACAGGTATGTTGAAAGA,AAGACAGGTATGTTGAAAGA,AAGACAGGTATGTTGAAAGA,0,chr3,196071987,-
CATCCAGCAGCTGCAGCAGA,CATCCAGCAGCTGCAGCAGA,CATCCAGCAGCTGCAGCAGA,0,chr2,233760447,+
AAAGGTATCCCTAGAAGAGA,AAAGGTATCCCTAGAAGAGA,AAAGGTATCCCTAGAAGAGA,0,chr3,196062658,+
GAGCGCTGCTCAGATAGCGA,GAGCGCTGCTCAGATAGCGA,GAGCGCTGCTCAGATAGCGA,0,chr17,7675052,-
TCTGATTCTAGGAATATGGA,TCTGATTCTAGGAATATGGA,TCTGATTCTAGGAATATGGA,0,chr3,196065589,-
TTGCTGGTGTTATATTCTGA,TTGCTGGTGTTATATTCTGA,TTGCTGGTGTTATATTCTGA,0,chr3,30671631,-
TTTCTTTTCTCCTTTATTGA,TTTCTTTTCTCCTTTATTGA,TTTCTTTTCTCCTTTATTGA,0,chr10,32910435,+
TTTCTTTTCTCCTTTATTGA,TTTCTTTTCTCCTTTATTGA,TTTCTTTTCTCCTTTATTGA,0,chr19,14622076,+
TTATCCATTTTTTGATTTGA,TTATCCATTTTTTGATTTGA,TTATCCATTTTTTGATTTGA,0,chrX,41342738,+
AGTCCCCAACGATGCGGATA,AGTCCCCAACGATGCGGATA,AGTCCCCAACGATGCGGATA,0,chrX,37804038,-
AATCTAATGTCTTTGTTCTA,AATCTAATGTCTTTGTTCTA,AATCTAATGTCTTTGTTCTA,0,chr3,196069567,-
AGCTGCCTTGGAAGACACAC,AGCTGCCTTGGAAGACACAC,AGCTGCCTTGGAAGACACAC,0,chr17,41523973,-
AAAGAAAGACACATGCACAC,AAAGAAAGACACATGCACAC,AAAGAAAGACACATGCACAC,0,chr10,32910397,-
AAAGAAAGACACATGCACAC,AAAGAAAGACACATGCACAC,AAAGAAAGACACATGCACAC,0,chr19,14622038,-
ATATCCGCATCGTTGGGGAC,ATATCCGCATCGTTGGGGAC,ATATCCGCATCGTTGGGGAC,0,chrX,37804062,+
ATGATAATTTCTTATCTTAC,ATGATAATTTCTTATCTTAC,ATGATAATTTCTTATCTTAC,0,chr3,196058632,-
GGCCGCGGCCCCCGACGACC,GGCCGCGGCCCCCGACGACC,GGCCGCGGCCCCCGACGACC,0,chr8,97644816,+
GACGGAAACCGTAGCTGCCC,GACGGAAACCGTAGCTGCCC,GACGGAAACCGTAGCTGCCC,0,chr17,7676060,+
TGGTACCAGAAGCAGGGGCC,TGGTACCAGAAGCAGGGGCC,TGGTACCAGAAGCAGGGGCC,0,chr6,71585077,+
TGGTACCAGAAGCAGGGGCC,TGGTACCAGAAGCAGGGGCC,TGGTACCAGAAGCAGGGGCC,0,chr17,41527883,-
TATTCCTAGAATCAGAAAGC,TATTCCTAGAATCAGAAAGC,TATTCCTAGAATCAGAAAGC,0,chr3,196065618,+
TGAGGAGGTGGGTTTGAAGC,TGAGGAGGTGGGTTTGAAGC,TGAGGAGGTGGGTTTGAAGC,0,chr17,41524827,-
GTGGGCGGAGGCCCGGCCGC,GTGGGCGGAGGCCCGGCCGC,GTGGGCGGAGGCCCGGCCGC,0,chr17,41527805,-
CCGGTTCATGCCGCCCATGC,CCGGTTCATGCCGCCCATGC,CCGGTTCATGCCGCCCATGC,0,chr17,7674241,+
GGAGGAGGCGGCGGCCGTGC,GGAGGAGGCGGCGGCCGTGC,GGAGGAGGCGGCGGCCGTGC,0,chr8,97644795,+
CCTCCCTCTGTCCCCTCCTC,CCTCCCTCTGTCCCCTCCTC,CCTCCCTCTGTCCCCTCCTC,0,chr15,58541785,+
CTGCCCACGTACAATTCGTC,CTGCCCACGTACAATTCGTC,CTGCCCACGTACAATTCGTC,0,chrX,37798951,-
GGTAAGTTTTTATTTGAAAG,GGTAAGTTTTTATTTGAAAG,GGTAAGTTTTTATTTGAAAG,0,chr3,196067496,-
TCTGCAGAGAGAGGAAGAAG,TCTGCAGAGAGAGGAAGAAG,TCTGCAGAGAGAGGAAGAAG,0,chr17,41524290,+
GCCATCTTCCCTCCCGTCAG,GCCATCTTCCCTCCCGTCAG,GCCATCTTCCCTCCCGTCAG,0,chr8,97644489,-
ATCCAGCAGCTGCAGCAGAG,ATCCAGCAGCTGCAGCAGAG,ATCCAGCAGCTGCAGCAGAG,0,chr2,233760448,+
GGCCAGGTCGTCGGGGGCCG,GGCCAGGTCGTCGGGGGCCG,GGCCAGGTCGTCGGGGGCCG,0,chr8,97644796,-
GGAGGAGGTCAGTAGGCAGG,GGAGGAGGTCAGTAGGCAGG,GGAGGAGGTCAGTAGGCAGG,0,chr17,1767010,+
AACCTCACTGTCAATGGAGG,AACCTCACTGTCAATGGAGG,AACCTCACTGTCAATGGAGG,0,chr8,97690994,+
AGGCTGCAGCCCTGGGCTGG,AGGCTGCAGCCCTGGGCTGG,AGGCTGCAGCCCTGGGCTGG,0,chr17,1777304,-
CACTTTTCGACATAGTGTGG,CACTTTTCGACATAGTGTGG,CACTTTTCGACATAGTGTGG,0,chr17,7674879,-
TTTTTTTGTTCCTCTTTTGG,TTTTTTTGTTCCTCTTTTGG,TTTTTTTGTTCCTCTTTTGG,0,chr5,133104287,-
TCGACGCTAGGATCTGACTG,TCGACGCTAGGATCTGACTG,TCGACGCTAGGATCTGACTG,0,chr17,7676585,+
ACACGACCATCCAGGACCTG,ACACGACCATCCAGGACCTG,ACACGACCATCCAGGACCTG,0,chr17,41527834,-
CAGGCTGCAGCCCTGGGCTG,CAGGCTGCAGCCCTGGGCTG,CAGGCTGCAGCCCTGGGCTG,0,chr17,1777305,-
TATCCATATCCGCATCGTTG,TATCCATATCCGCATCGTTG,TATCCATATCCGCATCGTTG,0,chrX,37804057,+
TAATTTTTTTAAAGATGAAT,TAATTTTTTTAAAGATGAAT,TAATTTTTTTAAAGATGAAT,0,chr4,186078982,-
AAAAAAAATGTGTTTTACAT,AAAAAAAATGTGTTTTACAT,AAAAAAAATGTGTTTTACAT,0,chr3,155138232,-
TACTTAAATAAATATATTAT,TACTTAAATAAATATATTAT,TACTTAAATAAATATATTAT,0,chr3,155168492,+
CACTGACCTGGCCTCCCACT,CACTGACCTGGCCTCCCACT,CACTGACCTGGCCTCCCACT,0,chr17,41524520,+
CACTGACCTGGCCTCCCACT,CACTGACCTGGCCTCCCACT,CACTGACCTGGCCTCCCACT,0,chr6,71585392,-
GGTACCAGAAGCAGGGGCCT,GGTACCAGAAGCAGGGGCCT,GGTACCAGAAGCAGGGGCCT,0,chr17,41527882,-
CTTTGTGTCCTCGTCCTCCT,CTTTGTGTCCTCGTCCTCCT,CTTTGTGTCCTCGTCCTCCT,0,chr17,41528073,-
TGGTGGTTGAGCCAGAAGCT,TGGTGGTTGAGCCAGAAGCT,TGGTGGTTGAGCCAGAAGCT,0,chr3,30688488,-
CTGCTGCTGCTGTTTCTGCT,CTGCTGCTGCTGTTTCTGCT,CTGCTGCTGCTGTTTCTGCT,0,chr8,97644709,+
TTGTTTTCCTAGGCTCATCT,TTGTTTTCCTAGGCTCATCT,TTGTTTTCCTAGGCTCATCT,0,chr3,196067647,-
TGCCCACGTACAATTCGTCT,TGCCCACGTACAATTCGTCT,TGCCCACGTACAATTCGTCT,0,chrX,37798950,-
AAATCTAATGTCTTTGTTCT,AAATCTAATGTCTTTGTTCT,AAATCTAATGTCTTTGTTCT,0,chr3,196069568,-
CACCCAGACGAATTGTACGT,CACCCAGACGAATTGTACGT,CACCCAGACGAATTGTACGT,0,chrX,37798970,+
AGTATCCATATCCGCATCGT,AGTATCCATATCCGCATCGT,AGTATCCATATCCGCATCGT,0,chrX,37804055,+
ATAGCGGTTGATGGGCCCTT,ATAGCGGTTGATGGGCCCTT,ATAGCGGTTGATGGGCCCTT,0,chrX,37805029,+
GCTCATCCCATACTCACTTT,GCTCATCCCATACTCACTTT,GCTCATCCCATACTCACTTT,0,chr8,97644882,-
CCTGCTGCCTGTGTGACTTT,CCTGCTGCCTGTGTGACTTT,CCTGCTGCCTGTGTGACTTT,0,chr3,30672380,+
